rulename,tag
start_entry,STATEMENT_CONTROL
sql_statement,STATEMENT_CONTROL
835_1,STATEMENT_CONTROL
opt_end_of_input,STATEMENT_CONTROL
simple_statement_or_begin,STATEMENT_CONTROL
simple_statement,STATEMENT_CONTROL
deallocate,STATEMENT_MANAGEMENT
deallocate_or_drop,STATEMENT_MANAGEMENT
prepare,STATEMENT_MANAGEMENT
prepare_src,STATEMENT_MANAGEMENT
execute,STATEMENT_MANAGEMENT
844_2,STATEMENT_MANAGEMENT
execute_using,STATEMENT_MANAGEMENT
execute_var_list,STATEMENT_MANAGEMENT
execute_var_ident,STATEMENT_MANAGEMENT
help,STATEMENT_HELP
849_3,STATEMENT_HELP
change_replication_stmt,REPLICATION_MANAGEMENT
851_4,REPLICATION_MANAGEMENT
852_5,DDL_CREATE
filter_defs,REPLICATION_MANAGEMENT
filter_def,REPLICATION_MANAGEMENT
opt_filter_db_list,REPLICATION_MANAGEMENT
filter_db_list,REPLICATION_MANAGEMENT
filter_db_ident,REPLICATION_MANAGEMENT
opt_filter_db_pair_list,REPLICATION_MANAGEMENT
filter_db_pair_list,REPLICATION_MANAGEMENT
opt_filter_table_list,REPLICATION_MANAGEMENT
filter_table_list,REPLICATION_MANAGEMENT
filter_table_ident,REPLICATION_MANAGEMENT
opt_filter_string_list,REPLICATION_MANAGEMENT
filter_string_list,REPLICATION_MANAGEMENT
filter_string,REPLICATION_MANAGEMENT
source_defs,REPLICATION_MANAGEMENT
source_def,REPLICATION_MANAGEMENT
ignore_server_id_list,REPLICATION_MANAGEMENT
privilege_check_def,PRIVILEGES_SECURITY
table_primary_key_check_def,DDL_CREATE
assign_gtids_to_anonymous_transactions_def,REPLICATION_MANAGEMENT
source_tls_ciphersuites_def,REPLICATION_MANAGEMENT
source_file_def,REPLICATION_MANAGEMENT
opt_channel,REPLICATION_MANAGEMENT
create_table_stmt,DDL_CREATE
create_role_stmt,DDL_CREATE
create_resource_group_stmt,DDL_CREATE
create,DDL_CREATE
880_6,DDL_CREATE
create_srs_stmt,DDL_CREATE
srs_attributes,DDL_CREATE
default_role_clause,DDL_CREATE
create_index_stmt,DDL_CREATE
server_options_list,SERVER_ADMIN
server_option,SERVER_ADMIN
event_tail,DML_INSERT_REPLACE
888_7,DML_INSERT_REPLACE
ev_schedule_time,DML_INSERT_REPLACE
890_8,DML_INSERT_REPLACE
opt_ev_status,DML_INSERT_REPLACE
ev_starts,DML_INSERT_REPLACE
ev_ends,DML_INSERT_REPLACE
opt_ev_on_completion,DML_INSERT_REPLACE
ev_on_completion,DML_INSERT_REPLACE
opt_ev_comment,DML_INSERT_REPLACE
ev_sql_stmt,DML_INSERT_REPLACE
898_9,DML_INSERT_REPLACE
ev_sql_stmt_inner,DML_INSERT_REPLACE
sp_name,PROCEDURAL_LOGIC
sp_a_chistics,PROCEDURAL_LOGIC
sp_c_chistics,PROCEDURAL_LOGIC
sp_chistic,PROCEDURAL_LOGIC
sp_c_chistic,PROCEDURAL_LOGIC
sp_suid,PROCEDURAL_LOGIC
call_stmt,PROCEDURAL_LOGIC
opt_paren_expr_list,EXPRESSION_LOGIC
sp_fdparam_list,PROCEDURAL_LOGIC
sp_fdparams,PROCEDURAL_LOGIC
sp_fdparam,PROCEDURAL_LOGIC
sp_pdparam_list,PROCEDURAL_LOGIC
sp_pdparams,PROCEDURAL_LOGIC
sp_pdparam,PROCEDURAL_LOGIC
sp_opt_inout,PROCEDURAL_LOGIC
sp_proc_stmts,PROCEDURAL_LOGIC
sp_proc_stmts1,PROCEDURAL_LOGIC
sp_decls,PROCEDURAL_LOGIC
sp_decl,PROCEDURAL_LOGIC
919_10,PROCEDURAL_LOGIC
920_11,PROCEDURAL_LOGIC
sp_handler_type,PROCEDURAL_LOGIC
sp_hcond_list,PROCEDURAL_LOGIC
sp_hcond_element,PROCEDURAL_LOGIC
sp_cond,PROCEDURAL_LOGIC
sqlstate,PROCEDURAL_LOGIC
opt_value,PROCEDURAL_LOGIC
sp_hcond,PROCEDURAL_LOGIC
signal_stmt,PROCEDURAL_LOGIC
signal_value,PROCEDURAL_LOGIC
opt_signal_value,PROCEDURAL_LOGIC
opt_set_signal_information,PROCEDURAL_LOGIC
signal_information_item_list,PROCEDURAL_LOGIC
signal_allowed_expr,EXPRESSION_LOGIC
signal_condition_information_item_name,PROCEDURAL_LOGIC
resignal_stmt,PROCEDURAL_LOGIC
get_diagnostics,PROCEDURAL_LOGIC
which_area,PROCEDURAL_LOGIC
diagnostics_information,PROCEDURAL_LOGIC
statement_information,PROCEDURAL_LOGIC
statement_information_item,PROCEDURAL_LOGIC
simple_target_specification,PROCEDURAL_LOGIC
statement_information_item_name,PROCEDURAL_LOGIC
condition_number,PROCEDURAL_LOGIC
condition_information,PROCEDURAL_LOGIC
condition_information_item,PROCEDURAL_LOGIC
condition_information_item_name,PROCEDURAL_LOGIC
sp_decl_idents,PROCEDURAL_LOGIC
sp_opt_default,PROCEDURAL_LOGIC
sp_proc_stmt,PROCEDURAL_LOGIC
sp_proc_stmt_if,PROCEDURAL_LOGIC
951_12,PROCEDURAL_LOGIC
sp_proc_stmt_statement,PROCEDURAL_LOGIC
953_13,PROCEDURAL_LOGIC
sp_proc_stmt_return,PROCEDURAL_LOGIC
955_14,PROCEDURAL_LOGIC
sp_proc_stmt_unlabeled,PROCEDURAL_LOGIC
957_15,PROCEDURAL_LOGIC
sp_proc_stmt_leave,PROCEDURAL_LOGIC
sp_proc_stmt_iterate,PROCEDURAL_LOGIC
sp_proc_stmt_open,PROCEDURAL_LOGIC
962_16,PROCEDURAL_LOGIC
sp_proc_stmt_close,PROCEDURAL_LOGIC
sp_opt_fetch_noise,PROCEDURAL_LOGIC
sp_fetch_list,PROCEDURAL_LOGIC
sp_if,PROCEDURAL_LOGIC
967_17,PROCEDURAL_LOGIC
968_18,PROCEDURAL_LOGIC
969_19,PROCEDURAL_LOGIC
sp_elseifs,PROCEDURAL_LOGIC
case_stmt_specification,WINDOW_ANALYTICS
simple_case_stmt,WINDOW_ANALYTICS
973_20,WINDOW_ANALYTICS
974_21,WINDOW_ANALYTICS
searched_case_stmt,WINDOW_ANALYTICS
976_22,WINDOW_ANALYTICS
simple_when_clause_list,WINDOW_ANALYTICS
searched_when_clause_list,WINDOW_ANALYTICS
simple_when_clause,WINDOW_ANALYTICS
980_23,WINDOW_ANALYTICS
981_24,WINDOW_ANALYTICS
searched_when_clause,WINDOW_ANALYTICS
983_25,WINDOW_ANALYTICS
984_26,WINDOW_ANALYTICS
else_clause_opt,WINDOW_ANALYTICS
sp_labeled_control,PROCEDURAL_LOGIC
987_27,PROCEDURAL_LOGIC
sp_opt_label,PROCEDURAL_LOGIC
sp_labeled_block,PROCEDURAL_LOGIC
990_28,PROCEDURAL_LOGIC
sp_unlabeled_block,PROCEDURAL_LOGIC
992_29,PROCEDURAL_LOGIC
sp_block_content,PROCEDURAL_LOGIC
994_30,PROCEDURAL_LOGIC
sp_unlabeled_control,PROCEDURAL_LOGIC
996_31,PROCEDURAL_LOGIC
997_32,PROCEDURAL_LOGIC
998_33,PROCEDURAL_LOGIC
999_34,DDL_ALTER
trg_action_time,DDL_ALTER
trg_event,DDL_ALTER
opt_ts_datafile_name,PARTITIONING_STORAGE
opt_logfile_group_name,PARTITIONING_STORAGE
opt_tablespace_options,PARTITIONING_STORAGE
tablespace_option_list,PARTITIONING_STORAGE
tablespace_option,PARTITIONING_STORAGE
opt_alter_tablespace_options,PARTITIONING_STORAGE
alter_tablespace_option_list,PARTITIONING_STORAGE
alter_tablespace_option,PARTITIONING_STORAGE
opt_undo_tablespace_options,PARTITIONING_STORAGE
undo_tablespace_option_list,PARTITIONING_STORAGE
undo_tablespace_option,PARTITIONING_STORAGE
opt_logfile_group_options,PARTITIONING_STORAGE
logfile_group_option_list,PARTITIONING_STORAGE
logfile_group_option,PARTITIONING_STORAGE
opt_alter_logfile_group_options,PARTITIONING_STORAGE
alter_logfile_group_option_list,PARTITIONING_STORAGE
alter_logfile_group_option,PARTITIONING_STORAGE
ts_datafile,PARTITIONING_STORAGE
undo_tablespace_state,PARTITIONING_STORAGE
lg_undofile,PARTITIONING_STORAGE
ts_option_initial_size,PARTITIONING_STORAGE
ts_option_autoextend_size,PARTITIONING_STORAGE
option_autoextend_size,PARTITIONING_STORAGE
ts_option_max_size,PARTITIONING_STORAGE
ts_option_extent_size,PARTITIONING_STORAGE
ts_option_undo_buffer_size,PARTITIONING_STORAGE
ts_option_redo_buffer_size,PARTITIONING_STORAGE
ts_option_nodegroup,PARTITIONING_STORAGE
ts_option_comment,PARTITIONING_STORAGE
ts_option_engine,PARTITIONING_STORAGE
ts_option_file_block_size,PARTITIONING_STORAGE
ts_option_wait,PARTITIONING_STORAGE
ts_option_encryption,PARTITIONING_STORAGE
ts_option_engine_attribute,PARTITIONING_STORAGE
size_number,PARTITIONING_STORAGE
opt_create_table_options_etc,DDL_CREATE
opt_create_partitioning_etc,DDL_CREATE
opt_duplicate_as_qe,DML_INSERT_REPLACE
as_create_query_expression,DML_INSERT_REPLACE
partition_clause,PARTITIONING_STORAGE
part_type_def,PARTITIONING_STORAGE
opt_linear,PARTITIONING_STORAGE
opt_key_algo,PARTITIONING_STORAGE
opt_num_parts,PARTITIONING_STORAGE
opt_sub_part,PARTITIONING_STORAGE
opt_name_list,PARTITIONING_STORAGE
name_list,PARTITIONING_STORAGE
opt_num_subparts,PARTITIONING_STORAGE
opt_part_defs,PARTITIONING_STORAGE
part_def_list,PARTITIONING_STORAGE
part_definition,PARTITIONING_STORAGE
opt_part_values,PARTITIONING_STORAGE
part_func_max,PARTITIONING_STORAGE
part_values_in,PARTITIONING_STORAGE
part_value_list,PARTITIONING_STORAGE
part_value_item_list_paren,PARTITIONING_STORAGE
part_value_item_list,PARTITIONING_STORAGE
part_value_item,PARTITIONING_STORAGE
opt_sub_partition,PARTITIONING_STORAGE
sub_part_list,PARTITIONING_STORAGE
sub_part_definition,PARTITIONING_STORAGE
opt_part_options,PARTITIONING_STORAGE
part_option_list,PARTITIONING_STORAGE
part_option,PARTITIONING_STORAGE
alter_database_options,DDL_ALTER
alter_database_option,DDL_ALTER
opt_create_database_options,DDL_CREATE
create_database_options,DDL_CREATE
create_database_option,DDL_CREATE
opt_if_not_exists,DDL_CREATE
create_table_options_space_separated,DDL_CREATE
create_table_options,DDL_CREATE
opt_comma,DDL_CREATE
create_table_option,DDL_CREATE
ternary_option,DDL_CREATE
default_charset,DDL_CREATE
default_collation,DDL_CREATE
default_encryption,DDL_CREATE
row_types,DDL_CREATE
merge_insert_types,DML_INSERT_REPLACE
udf_type,DDL_CREATE
table_element_list,DDL_CREATE
table_element,DDL_CREATE
column_def,DDL_CREATE
opt_references,DDL_CREATE
table_constraint_def,DDL_CREATE
check_constraint,DDL_CREATE
opt_constraint_name,DDL_CREATE
opt_not,DDL_CREATE
opt_constraint_enforcement,DDL_CREATE
constraint_enforcement,DDL_CREATE
field_def,DDL_CREATE
opt_generated_always,DDL_CREATE
opt_stored_attribute,DDL_CREATE
type,DDL_CREATE
spatial_type,DDL_CREATE
nchar,DDL_CREATE
varchar,DDL_CREATE
nvarchar,DDL_CREATE
int_type,DDL_CREATE
real_type,DDL_CREATE
opt_PRECISION,DDL_CREATE
numeric_type,DDL_CREATE
standard_float_options,DDL_CREATE
float_options,DDL_CREATE
precision,DDL_CREATE
type_datetime_precision,DDL_CREATE
func_datetime_precision,DDL_CREATE
field_options,DDL_CREATE
field_opt_list,DDL_CREATE
field_option,DDL_CREATE
field_length,DDL_CREATE
opt_field_length,DDL_CREATE
opt_precision,DDL_CREATE
opt_column_attribute_list,DDL_CREATE
column_attribute_list,DDL_CREATE
column_attribute,DDL_CREATE
column_format,DDL_CREATE
storage_media,PARTITIONING_STORAGE
now,EXPRESSION_LOGIC
now_or_signed_literal,EXPRESSION_LOGIC
character_set,DDL_CREATE
charset_name,DDL_CREATE
opt_load_data_charset,DDL_CREATE
old_or_new_charset_name,DDL_CREATE
old_or_new_charset_name_or_default,DDL_CREATE
collation_name,DDL_CREATE
opt_collate,DDL_CREATE
opt_default,DDL_CREATE
ascii,DDL_CREATE
unicode,DDL_CREATE
opt_charset_with_opt_binary,DDL_CREATE
opt_bin_mod,DDL_CREATE
ws_num_codepoints,DDL_CREATE
1137_36,DDL_CREATE
opt_primary,DDL_CREATE
references,DDL_CREATE
opt_ref_list,DDL_CREATE
reference_list,DDL_CREATE
opt_match_clause,DDL_CREATE
opt_on_update_delete,DDL_CREATE
delete_option,DML_DELETE_TRUNCATE
constraint_key_type,DDL_CREATE
key_or_index,DDL_CREATE
opt_key_or_index,DDL_CREATE
keys_or_index,DDL_CREATE
opt_unique,DDL_CREATE
opt_fulltext_index_options,DDL_CREATE
fulltext_index_options,DDL_CREATE
fulltext_index_option,DDL_CREATE
opt_spatial_index_options,DDL_CREATE
spatial_index_options,DDL_CREATE
spatial_index_option,PARTITIONING_STORAGE
opt_index_options,PARTITIONING_STORAGE
index_options,PARTITIONING_STORAGE
index_option,PARTITIONING_STORAGE
common_index_option,PARTITIONING_STORAGE
opt_index_name_and_type,PARTITIONING_STORAGE
opt_index_type_clause,PARTITIONING_STORAGE
index_type_clause,PARTITIONING_STORAGE
visibility,PARTITIONING_STORAGE
index_type,PARTITIONING_STORAGE
key_list,PARTITIONING_STORAGE
key_part,PARTITIONING_STORAGE
key_list_with_expression,PARTITIONING_STORAGE
key_part_with_expression,PARTITIONING_STORAGE
opt_ident,EXPRESSION_LOGIC
string_list,EXPRESSION_LOGIC
alter_table_stmt,DDL_ALTER
alter_database_stmt,DDL_ALTER
1173_37,DDL_ALTER
alter_procedure_stmt,PROCEDURAL_LOGIC
1175_38,PROCEDURAL_LOGIC
alter_function_stmt,PROCEDURAL_LOGIC
1177_39,PROCEDURAL_LOGIC
alter_view_stmt,DDL_ALTER
1179_40,DDL_ALTER
1180_41,DDL_ALTER
alter_event_stmt,DDL_ALTER
1182_42,DDL_ALTER
alter_logfile_stmt,DDL_ALTER
alter_tablespace_stmt,DDL_ALTER
alter_undo_tablespace_stmt,DDL_ALTER
alter_server_stmt,SERVER_ADMIN
alter_user_stmt,PRIVILEGES_SECURITY
opt_replace_password,PRIVILEGES_SECURITY
alter_resource_group_stmt,SERVER_ADMIN
alter_user_command,PRIVILEGES_SECURITY
opt_user_attribute,PRIVILEGES_SECURITY
opt_account_lock_password_expire_options,PRIVILEGES_SECURITY
opt_account_lock_password_expire_option_list,PRIVILEGES_SECURITY
opt_account_lock_password_expire_option,PRIVILEGES_SECURITY
connect_options,STATEMENT_MANAGEMENT
connect_option_list,STATEMENT_MANAGEMENT
connect_option,STATEMENT_MANAGEMENT
user_func,PROCEDURAL_LOGIC
ev_alter_on_schedule_completion,DDL_ALTER
opt_ev_rename_to,DDL_ALTER
opt_ev_sql_stmt,DDL_ALTER
ident_or_empty,EXPRESSION_LOGIC
opt_alter_table_actions,DDL_ALTER
standalone_alter_table_action,DDL_ALTER
alter_table_partition_options,PARTITIONING_STORAGE
opt_alter_command_list,DDL_ALTER
standalone_alter_commands,DDL_ALTER
opt_with_validation,DDL_ALTER
all_or_alt_part_name_list,PARTITIONING_STORAGE
alter_list,DDL_ALTER
alter_commands_modifier_list,DDL_ALTER
alter_list_item,DDL_ALTER
alter_commands_modifier,DDL_ALTER
opt_index_lock_and_algorithm,PARTITIONING_STORAGE
alter_algorithm_option,PARTITIONING_STORAGE
alter_algorithm_option_value,PARTITIONING_STORAGE
alter_lock_option,PARTITIONING_STORAGE
alter_lock_option_value,PARTITIONING_STORAGE
opt_column,DDL_ALTER
opt_ignore,DML_MAINTENANCE
opt_restrict,DML_MAINTENANCE
opt_place,PARTITIONING_STORAGE
opt_to,DDL_ALTER
group_replication,REPLICATION_MANAGEMENT
group_replication_start,REPLICATION_MANAGEMENT
opt_group_replication_start_options,REPLICATION_MANAGEMENT
group_replication_start_options,REPLICATION_MANAGEMENT
group_replication_start_option,REPLICATION_MANAGEMENT
group_replication_user,REPLICATION_MANAGEMENT
group_replication_password,REPLICATION_MANAGEMENT
group_replication_plugin_auth,REPLICATION_MANAGEMENT
stop_replica_stmt,REPLICATION_MANAGEMENT
start_replica_stmt,REPLICATION_MANAGEMENT
1235_43,REPLICATION_MANAGEMENT
1236_44,REPLICATION_MANAGEMENT
start,TRANSACTION_CONTROL
opt_start_transaction_option_list,TRANSACTION_CONTROL
start_transaction_option_list,TRANSACTION_CONTROL
start_transaction_option,TRANSACTION_CONTROL
opt_user_option,PRIVILEGES_SECURITY
opt_password_option,PRIVILEGES_SECURITY
opt_default_auth_option,PRIVILEGES_SECURITY
opt_plugin_dir_option,SERVER_ADMIN
opt_replica_thread_option_list,REPLICATION_MANAGEMENT
replica_thread_option_list,REPLICATION_MANAGEMENT
replica_thread_option,REPLICATION_MANAGEMENT
opt_replica_until,REPLICATION_MANAGEMENT
replica_until,REPLICATION_MANAGEMENT
checksum,DML_MAINTENANCE
opt_checksum_type,DML_MAINTENANCE
repair_table_stmt,DML_MAINTENANCE
opt_mi_repair_types,DML_MAINTENANCE
mi_repair_types,DML_MAINTENANCE
mi_repair_type,DML_MAINTENANCE
analyze_table_stmt,DML_MAINTENANCE
opt_histogram_auto_update,DML_MAINTENANCE
opt_histogram_num_buckets,DML_MAINTENANCE
opt_histogram_update_param,DML_MAINTENANCE
opt_histogram,DML_MAINTENANCE
binlog_base64_event,REPLICATION_MANAGEMENT
check_table_stmt,DML_MAINTENANCE
opt_mi_check_types,DML_MAINTENANCE
mi_check_types,DML_MAINTENANCE
mi_check_type,DML_MAINTENANCE
optimize_table_stmt,DML_MAINTENANCE
opt_no_write_to_binlog,REPLICATION_MANAGEMENT
rename,DDL_ALTER
1269_45,DDL_ALTER
rename_list,DDL_ALTER
table_to_table_list,DDL_ALTER
table_to_table,DDL_ALTER
keycache_stmt,PARTITIONING_STORAGE
keycache_list,PARTITIONING_STORAGE
assign_to_keycache,PARTITIONING_STORAGE
key_cache_name,PARTITIONING_STORAGE
preload_stmt,PARTITIONING_STORAGE
preload_list,PARTITIONING_STORAGE
preload_keys,PARTITIONING_STORAGE
adm_partition,PARTITIONING_STORAGE
opt_cache_key_list,PARTITIONING_STORAGE
opt_ignore_leaves,PARTITIONING_STORAGE
select_stmt,DML_SELECT
select_stmt_with_into,DML_SELECT
query_expression,DML_SELECT
query_expression_body,DML_SELECT
query_expression_parens,DML_SELECT
query_primary,DML_SELECT
query_specification,DML_SELECT
opt_from_clause,DML_SELECT
from_clause,DML_SELECT
from_tables,DML_SELECT
table_reference_list,DML_SELECT
table_value_constructor,DML_SELECT
explicit_table,DML_SELECT
select_options,DML_SELECT
select_option_list,DML_SELECT
select_option,DML_SELECT
locking_clause_list,TRANSACTION_CONTROL
locking_clause,TRANSACTION_CONTROL
lock_strength,TRANSACTION_CONTROL
table_locking_list,TRANSACTION_CONTROL
opt_locked_row_action,TRANSACTION_CONTROL
locked_row_action,TRANSACTION_CONTROL
select_item_list,DML_SELECT
select_item,DML_SELECT
select_alias,DML_SELECT
optional_braces,EXPRESSION_LOGIC
expr,EXPRESSION_LOGIC
bool_pri,EXPRESSION_LOGIC
predicate,EXPRESSION_LOGIC
opt_of,EXPRESSION_LOGIC
bit_expr,EXPRESSION_LOGIC
or,EXPRESSION_LOGIC
and,EXPRESSION_LOGIC
not,EXPRESSION_LOGIC
not2,EXPRESSION_LOGIC
comp_op,EXPRESSION_LOGIC
all_or_any,EXPRESSION_LOGIC
simple_expr,EXPRESSION_LOGIC
opt_array_cast,EXPRESSION_LOGIC
function_call_keyword,EXPRESSION_LOGIC
function_call_nonkeyword,EXPRESSION_LOGIC
opt_returning_type,EXPRESSION_LOGIC
function_call_conflict,EXPRESSION_LOGIC
geometry_function,EXPRESSION_LOGIC
function_call_generic,EXPRESSION_LOGIC
fulltext_options,DML_SELECT
opt_natural_language_mode,DML_SELECT
opt_query_expansion,DML_SELECT
opt_udf_expr_list,EXPRESSION_LOGIC
udf_expr_list,EXPRESSION_LOGIC
udf_expr,EXPRESSION_LOGIC
set_function_specification,EXPRESSION_LOGIC
sum_expr,EXPRESSION_LOGIC
sampling_method,DML_SELECT
sampling_percentage,DML_SELECT
opt_tablesample_clause,DML_SELECT
window_func_call,WINDOW_ANALYTICS
opt_lead_lag_info,WINDOW_ANALYTICS
stable_integer,WINDOW_ANALYTICS
param_or_var,WINDOW_ANALYTICS
opt_ll_default,WINDOW_ANALYTICS
opt_null_treatment,WINDOW_ANALYTICS
opt_from_first_last,WINDOW_ANALYTICS
opt_windowing_clause,WINDOW_ANALYTICS
windowing_clause,WINDOW_ANALYTICS
window_name_or_spec,WINDOW_ANALYTICS
window_name,WINDOW_ANALYTICS
window_spec,WINDOW_ANALYTICS
window_spec_details,WINDOW_ANALYTICS
opt_existing_window_name,WINDOW_ANALYTICS
opt_partition_clause,WINDOW_ANALYTICS
opt_window_order_by_clause,WINDOW_ANALYTICS
opt_window_frame_clause,WINDOW_ANALYTICS
window_frame_extent,WINDOW_ANALYTICS
window_frame_start,WINDOW_ANALYTICS
window_frame_between,WINDOW_ANALYTICS
window_frame_bound,WINDOW_ANALYTICS
opt_window_frame_exclusion,WINDOW_ANALYTICS
window_frame_units,WINDOW_ANALYTICS
grouping_operation,DML_SELECT
in_expression_user_variable_assignment,DML_SELECT
rvalue_system_or_user_variable,DML_SELECT
opt_distinct,DML_SELECT
opt_gconcat_separator,DML_SELECT
opt_gorder_clause,DML_SELECT
gorder_list,DML_SELECT
in_sum_expr,DML_SELECT
cast_type,EXPRESSION_LOGIC
opt_expr_list,EXPRESSION_LOGIC
expr_list,EXPRESSION_LOGIC
ident_list_arg,EXPRESSION_LOGIC
ident_list,EXPRESSION_LOGIC
opt_expr,EXPRESSION_LOGIC
opt_else,PROCEDURAL_LOGIC
when_list,PROCEDURAL_LOGIC
table_reference,DML_SELECT
esc_table_reference,DML_SELECT
joined_table,DML_SELECT
natural_join_type,DML_SELECT
inner_join_type,DML_SELECT
outer_join_type,DML_SELECT
opt_inner,DML_SELECT
opt_outer,DML_SELECT
opt_use_partition,PARTITIONING_STORAGE
use_partition,PARTITIONING_STORAGE
table_factor,DML_SELECT
table_reference_list_parens,DML_SELECT
single_table_parens,DML_SELECT
single_table,DML_SELECT
joined_table_parens,DML_SELECT
derived_table,DML_SELECT
table_function,DML_SELECT
columns_clause,DML_SELECT
columns_list,DML_SELECT
jt_column,DML_SELECT
jt_column_type,DML_SELECT
opt_on_empty_or_error,DML_SELECT
opt_on_empty_or_error_json_table,DML_SELECT
on_empty,DML_SELECT
on_error,DML_SELECT
json_on_response,DML_SELECT
index_hint_clause,PARTITIONING_STORAGE
index_hint_type,PARTITIONING_STORAGE
index_hint_definition,PARTITIONING_STORAGE
index_hints_list,PARTITIONING_STORAGE
opt_index_hints_list,PARTITIONING_STORAGE
opt_key_definition,PARTITIONING_STORAGE
opt_key_usage_list,PARTITIONING_STORAGE
key_usage_element,PARTITIONING_STORAGE
key_usage_list,PARTITIONING_STORAGE
using_list,PARTITIONING_STORAGE
ident_string_list,EXPRESSION_LOGIC
interval,EXPRESSION_LOGIC
interval_time_stamp,EXPRESSION_LOGIC
date_time_type,EXPRESSION_LOGIC
opt_as,EXPRESSION_LOGIC
opt_table_alias,DML_SELECT
opt_all,DML_SELECT
opt_where_clause,DML_SELECT
where_clause,DML_SELECT
opt_having_clause,DML_SELECT
opt_qualify_clause,WINDOW_ANALYTICS
with_clause,DML_SELECT
with_list,DML_SELECT
common_table_expr,DML_SELECT
opt_derived_column_list,DML_SELECT
simple_ident_list,EXPRESSION_LOGIC
opt_window_clause,WINDOW_ANALYTICS
window_definition_list,WINDOW_ANALYTICS
window_definition,WINDOW_ANALYTICS
opt_group_clause,DML_SELECT
group_list,DML_SELECT
olap_opt,WINDOW_ANALYTICS
alter_order_list,DDL_ALTER
alter_order_item,DDL_ALTER
opt_order_clause,DML_SELECT
order_clause,DML_SELECT
order_list,DML_SELECT
opt_ordering_direction,DML_SELECT
ordering_direction,DML_SELECT
opt_limit_clause,DML_SELECT
limit_clause,DML_SELECT
limit_options,DML_SELECT
limit_option,DML_SELECT
opt_simple_limit,DML_SELECT
ulong_num,EXPRESSION_LOGIC
real_ulong_num,EXPRESSION_LOGIC
ulonglong_num,EXPRESSION_LOGIC
real_ulonglong_num,EXPRESSION_LOGIC
dec_num_error,EXPRESSION_LOGIC
dec_num,EXPRESSION_LOGIC
select_var_list,DML_SELECT
select_var_ident,DML_SELECT
into_clause,DML_SELECT
into_destination,DML_SELECT
do_stmt,STATEMENT_CONTROL
drop_table_stmt,DDL_DROP
drop_index_stmt,DDL_DROP
drop_database_stmt,DDL_DROP
drop_function_stmt,DDL_DROP
drop_resource_group_stmt,SERVER_ADMIN
drop_procedure_stmt,DDL_DROP
drop_user_stmt,PRIVILEGES_SECURITY
drop_view_stmt,DDL_DROP
drop_event_stmt,DDL_DROP
drop_trigger_stmt,DDL_DROP
drop_tablespace_stmt,DDL_DROP
drop_undo_tablespace_stmt,DDL_DROP
drop_logfile_stmt,DDL_DROP
drop_server_stmt,SERVER_ADMIN
drop_srs_stmt,DDL_DROP
drop_role_stmt,PRIVILEGES_SECURITY
table_list,DML_SELECT
table_alias_ref_list,DML_SELECT
if_exists,DDL_DROP
opt_ignore_unknown_user,PRIVILEGES_SECURITY
opt_temporary,DDL_CREATE
opt_drop_ts_options,DDL_DROP
drop_ts_option_list,DDL_DROP
drop_ts_option,DDL_DROP
insert_stmt,DML_INSERT_REPLACE
replace_stmt,DML_INSERT_REPLACE
insert_lock_option,DML_INSERT_REPLACE
replace_lock_option,DML_INSERT_REPLACE
opt_INTO,DML_INSERT_REPLACE
insert_from_constructor,DML_INSERT_REPLACE
insert_query_expression,DML_INSERT_REPLACE
insert_columns,DML_INSERT_REPLACE
insert_values,DML_INSERT_REPLACE
query_expression_with_opt_locking_clauses,DML_INSERT_REPLACE
value_or_values,DML_INSERT_REPLACE
values_list,DML_INSERT_REPLACE
values_row_list,DML_INSERT_REPLACE
equal,EXPRESSION_LOGIC
opt_equal,EXPRESSION_LOGIC
row_value,DML_INSERT_REPLACE
row_value_explicit,DML_INSERT_REPLACE
opt_values,DML_INSERT_REPLACE
values,DML_INSERT_REPLACE
expr_or_default,EXPRESSION_LOGIC
opt_values_reference,DML_INSERT_REPLACE
opt_insert_update_list,DML_INSERT_REPLACE
update_stmt,DML_UPDATE
opt_with_clause,DML_UPDATE
update_list,DML_UPDATE
update_elem,DML_UPDATE
opt_low_priority,DML_UPDATE
delete_stmt,DML_DELETE_TRUNCATE
opt_wild,DML_DELETE_TRUNCATE
opt_delete_options,DML_DELETE_TRUNCATE
opt_delete_option,DML_DELETE_TRUNCATE
truncate_stmt,DML_DELETE_TRUNCATE
opt_table,DML_DELETE_TRUNCATE
opt_profile_defs,SHOW_DESCRIBE_EXPLAIN
profile_defs,SHOW_DESCRIBE_EXPLAIN
profile_def,SHOW_DESCRIBE_EXPLAIN
opt_for_query,SHOW_DESCRIBE_EXPLAIN
show_databases_stmt,SHOW_DESCRIBE_EXPLAIN
show_tables_stmt,SHOW_DESCRIBE_EXPLAIN
show_triggers_stmt,SHOW_DESCRIBE_EXPLAIN
show_events_stmt,SHOW_DESCRIBE_EXPLAIN
show_table_status_stmt,SHOW_DESCRIBE_EXPLAIN
show_open_tables_stmt,SHOW_DESCRIBE_EXPLAIN
show_plugins_stmt,SHOW_DESCRIBE_EXPLAIN
show_engine_logs_stmt,SHOW_DESCRIBE_EXPLAIN
show_engine_mutex_stmt,SHOW_DESCRIBE_EXPLAIN
show_engine_status_stmt,SHOW_DESCRIBE_EXPLAIN
show_columns_stmt,SHOW_DESCRIBE_EXPLAIN
show_binary_logs_stmt,SHOW_DESCRIBE_EXPLAIN
show_replicas_stmt,SHOW_DESCRIBE_EXPLAIN
show_binlog_events_stmt,SHOW_DESCRIBE_EXPLAIN
show_relaylog_events_stmt,SHOW_DESCRIBE_EXPLAIN
show_keys_stmt,SHOW_DESCRIBE_EXPLAIN
show_engines_stmt,SHOW_DESCRIBE_EXPLAIN
show_count_warnings_stmt,SHOW_DESCRIBE_EXPLAIN
show_count_errors_stmt,SHOW_DESCRIBE_EXPLAIN
show_warnings_stmt,SHOW_DESCRIBE_EXPLAIN
show_errors_stmt,SHOW_DESCRIBE_EXPLAIN
show_profiles_stmt,SHOW_DESCRIBE_EXPLAIN
show_profile_stmt,SHOW_DESCRIBE_EXPLAIN
show_status_stmt,SHOW_DESCRIBE_EXPLAIN
show_processlist_stmt,SHOW_DESCRIBE_EXPLAIN
show_variables_stmt,SHOW_DESCRIBE_EXPLAIN
show_character_set_stmt,SHOW_DESCRIBE_EXPLAIN
show_collation_stmt,SHOW_DESCRIBE_EXPLAIN
show_privileges_stmt,SHOW_DESCRIBE_EXPLAIN
show_grants_stmt,SHOW_DESCRIBE_EXPLAIN
show_create_database_stmt,SHOW_DESCRIBE_EXPLAIN
show_create_table_stmt,SHOW_DESCRIBE_EXPLAIN
show_create_view_stmt,SHOW_DESCRIBE_EXPLAIN
show_binary_log_status_stmt,SHOW_DESCRIBE_EXPLAIN
show_replica_status_stmt,SHOW_DESCRIBE_EXPLAIN
show_create_procedure_stmt,SHOW_DESCRIBE_EXPLAIN
show_create_function_stmt,SHOW_DESCRIBE_EXPLAIN
show_create_trigger_stmt,SHOW_DESCRIBE_EXPLAIN
show_procedure_status_stmt,SHOW_DESCRIBE_EXPLAIN
show_function_status_stmt,SHOW_DESCRIBE_EXPLAIN
show_procedure_code_stmt,SHOW_DESCRIBE_EXPLAIN
show_function_code_stmt,SHOW_DESCRIBE_EXPLAIN
show_create_event_stmt,SHOW_DESCRIBE_EXPLAIN
show_create_user_stmt,SHOW_DESCRIBE_EXPLAIN
show_parse_tree_stmt,SHOW_DESCRIBE_EXPLAIN
engine_or_all,SERVER_ADMIN
opt_storage,PARTITIONING_STORAGE
opt_db,DML_SELECT
opt_full,SHOW_DESCRIBE_EXPLAIN
opt_extended,SHOW_DESCRIBE_EXPLAIN
opt_show_cmd_type,SHOW_DESCRIBE_EXPLAIN
from_or_in,DML_SELECT
opt_binlog_in,REPLICATION_MANAGEMENT
binlog_from,REPLICATION_MANAGEMENT
opt_wild_or_where,DML_SELECT
describe_stmt,SHOW_DESCRIBE_EXPLAIN
explain_stmt,SHOW_DESCRIBE_EXPLAIN
explainable_stmt,SHOW_DESCRIBE_EXPLAIN
describe_command,SHOW_DESCRIBE_EXPLAIN
opt_explain_format,SHOW_DESCRIBE_EXPLAIN
opt_explain_options,SHOW_DESCRIBE_EXPLAIN
opt_explain_into,SHOW_DESCRIBE_EXPLAIN
opt_explain_for_schema,SHOW_DESCRIBE_EXPLAIN
opt_describe_column,SHOW_DESCRIBE_EXPLAIN
flush,SERVER_ADMIN
1585_46,SERVER_ADMIN
flush_options,SERVER_ADMIN
1587_47,SERVER_ADMIN
opt_flush_lock,SERVER_ADMIN
1589_48,SERVER_ADMIN
flush_options_list,SERVER_ADMIN
flush_option,SERVER_ADMIN
opt_table_list,SERVER_ADMIN
reset,SERVER_ADMIN
1594_49,SERVER_ADMIN
reset_options,SERVER_ADMIN
opt_if_exists_ident,SERVER_ADMIN
persisted_variable_ident,SERVER_ADMIN
reset_option,SERVER_ADMIN
1599_50,SERVER_ADMIN
1600_51,SERVER_ADMIN
opt_replica_reset_options,REPLICATION_MANAGEMENT
source_reset_options,REPLICATION_MANAGEMENT
purge,SERVER_ADMIN
1604_52,SERVER_ADMIN
purge_options,SERVER_ADMIN
purge_option,SERVER_ADMIN
kill,SERVER_ADMIN
kill_option,SERVER_ADMIN
use,STATEMENT_CONTROL
load_stmt,DML_INSERT_REPLACE
data_or_xml,DML_INSERT_REPLACE
opt_local,DML_INSERT_REPLACE
opt_from_keyword,DML_INSERT_REPLACE
load_data_lock,DML_INSERT_REPLACE
load_source_type,DML_INSERT_REPLACE
opt_source_count,DML_INSERT_REPLACE
opt_source_order,DML_INSERT_REPLACE
opt_duplicate,DML_INSERT_REPLACE
duplicate,DML_INSERT_REPLACE
opt_field_term,DML_INSERT_REPLACE
field_term_list,DML_INSERT_REPLACE
field_term,DML_INSERT_REPLACE
opt_line_term,DML_INSERT_REPLACE
line_term_list,DML_INSERT_REPLACE
line_term,DML_INSERT_REPLACE
opt_xml_rows_identified_by,DML_INSERT_REPLACE
opt_ignore_lines,DML_INSERT_REPLACE
lines_or_rows,DML_INSERT_REPLACE
opt_field_or_var_spec,DML_INSERT_REPLACE
fields_or_vars,DML_INSERT_REPLACE
field_or_var,DML_INSERT_REPLACE
opt_load_data_set_spec,DML_INSERT_REPLACE
load_data_set_list,DML_INSERT_REPLACE
load_data_set_elem,DML_INSERT_REPLACE
opt_load_algorithm,DML_INSERT_REPLACE
opt_compression_algorithm,DML_INSERT_REPLACE
opt_load_parallel,DML_INSERT_REPLACE
opt_load_memory,DML_INSERT_REPLACE
text_literal,EXPRESSION_LOGIC
text_string,EXPRESSION_LOGIC
param_marker,EXPRESSION_LOGIC
signed_literal,EXPRESSION_LOGIC
signed_literal_or_null,EXPRESSION_LOGIC
null_as_literal,EXPRESSION_LOGIC
literal,EXPRESSION_LOGIC
literal_or_null,EXPRESSION_LOGIC
NUM_literal,EXPRESSION_LOGIC
int64_literal,EXPRESSION_LOGIC
temporal_literal,EXPRESSION_LOGIC
opt_interval,EXPRESSION_LOGIC
insert_column,DML_INSERT_REPLACE
table_wild,DML_SELECT
order_expr,DML_SELECT
grouping_expr,DML_SELECT
simple_ident,EXPRESSION_LOGIC
simple_ident_nospvar,EXPRESSION_LOGIC
simple_ident_q,EXPRESSION_LOGIC
table_ident,DML_SELECT
table_ident_opt_wild,DML_SELECT
IDENT_sys,EXPRESSION_LOGIC
TEXT_STRING_sys_nonewline,EXPRESSION_LOGIC
filter_wild_db_table_string,DML_SELECT
TEXT_STRING_sys,EXPRESSION_LOGIC
TEXT_STRING_literal,EXPRESSION_LOGIC
TEXT_STRING_filesystem,EXPRESSION_LOGIC
TEXT_STRING_password,EXPRESSION_LOGIC
TEXT_STRING_hash,EXPRESSION_LOGIC
TEXT_STRING_validated,EXPRESSION_LOGIC
ident,EXPRESSION_LOGIC
role_ident,PRIVILEGES_SECURITY
label_ident,PRIVILEGES_SECURITY
lvalue_ident,PRIVILEGES_SECURITY
ident_or_text,PRIVILEGES_SECURITY
role_ident_or_text,PRIVILEGES_SECURITY
user_ident_or_text,PRIVILEGES_SECURITY
user,PRIVILEGES_SECURITY
role,PRIVILEGES_SECURITY
schema,DDL_CREATE
ident_keyword,EXPRESSION_LOGIC
ident_keywords_ambiguous_1_roles_and_labels,PRIVILEGES_SECURITY
ident_keywords_ambiguous_2_labels,PRIVILEGES_SECURITY
ident_keywords_ambiguous_3_roles,PRIVILEGES_SECURITY
ident_keywords_unambiguous,EXPRESSION_LOGIC
role_keyword,PRIVILEGES_SECURITY
lvalue_keyword,PRIVILEGES_SECURITY
ident_keywords_ambiguous_4_system_variables,PRIVILEGES_SECURITY
set,TRANSACTION_CONTROL
start_option_value_list,TRANSACTION_CONTROL
set_role_stmt,PRIVILEGES_SECURITY
opt_except_role_list,PRIVILEGES_SECURITY
set_resource_group_stmt,SERVER_ADMIN
thread_id_list,SERVER_ADMIN
thread_id_list_options,SERVER_ADMIN
start_option_value_list_following_option_type,TRANSACTION_CONTROL
option_value_list_continued,TRANSACTION_CONTROL
option_value_list,TRANSACTION_CONTROL
option_value,TRANSACTION_CONTROL
option_type,TRANSACTION_CONTROL
opt_var_type,TRANSACTION_CONTROL
opt_rvalue_system_variable_type,TRANSACTION_CONTROL
opt_set_var_ident_type,TRANSACTION_CONTROL
option_value_following_option_type,TRANSACTION_CONTROL
option_value_no_option_type,TRANSACTION_CONTROL
lvalue_variable,TRANSACTION_CONTROL
rvalue_system_variable,TRANSACTION_CONTROL
transaction_characteristics,TRANSACTION_CONTROL
transaction_access_mode,TRANSACTION_CONTROL
opt_transaction_access_mode,TRANSACTION_CONTROL
isolation_level,TRANSACTION_CONTROL
opt_isolation_level,TRANSACTION_CONTROL
transaction_access_mode_types,TRANSACTION_CONTROL
isolation_types,TRANSACTION_CONTROL
set_expr_or_default,TRANSACTION_CONTROL
lock,TRANSACTION_CONTROL
1716_53,TRANSACTION_CONTROL
table_or_tables,DML_SELECT
table_lock_list,TRANSACTION_CONTROL
table_lock,TRANSACTION_CONTROL
lock_option,TRANSACTION_CONTROL
unlock,TRANSACTION_CONTROL
1722_54,TRANSACTION_CONTROL
shutdown_stmt,SERVER_ADMIN
restart_server_stmt,SERVER_ADMIN
alter_instance_stmt,SERVER_ADMIN
alter_instance_action,SERVER_ADMIN
handler_stmt,DML_MAINTENANCE
handler_scan_function,DML_MAINTENANCE
handler_rkey_function,DML_MAINTENANCE
handler_rkey_mode,DML_MAINTENANCE
revoke,PRIVILEGES_SECURITY
1732_55,PRIVILEGES_SECURITY
grant,PRIVILEGES_SECURITY
1734_56,PRIVILEGES_SECURITY
opt_acl_type,PRIVILEGES_SECURITY
opt_privileges,PRIVILEGES_SECURITY
role_or_privilege_list,PRIVILEGES_SECURITY
role_or_privilege,PRIVILEGES_SECURITY
opt_with_admin_option,PRIVILEGES_SECURITY
opt_and,PRIVILEGES_SECURITY
require_list,PRIVILEGES_SECURITY
require_list_element,PRIVILEGES_SECURITY
grant_ident,PRIVILEGES_SECURITY
user_list,PRIVILEGES_SECURITY
role_list,PRIVILEGES_SECURITY
opt_retain_current_password,PRIVILEGES_SECURITY
opt_discard_old_password,PRIVILEGES_SECURITY
opt_user_registration,PRIVILEGES_SECURITY
create_user,PRIVILEGES_SECURITY
opt_create_user_with_mfa,PRIVILEGES_SECURITY
identification,PRIVILEGES_SECURITY
identified_by_password,PRIVILEGES_SECURITY
identified_by_random_password,PRIVILEGES_SECURITY
identified_with_plugin,PRIVILEGES_SECURITY
identified_with_plugin_as_auth,PRIVILEGES_SECURITY
identified_with_plugin_by_password,PRIVILEGES_SECURITY
identified_with_plugin_by_random_password,PRIVILEGES_SECURITY
opt_initial_auth,PRIVILEGES_SECURITY
alter_user,PRIVILEGES_SECURITY
factor,PRIVILEGES_SECURITY
create_user_list,PRIVILEGES_SECURITY
alter_user_list,PRIVILEGES_SECURITY
opt_column_list,DDL_ALTER
column_list,DDL_ALTER
require_clause,PRIVILEGES_SECURITY
grant_options,PRIVILEGES_SECURITY
opt_grant_option,PRIVILEGES_SECURITY
opt_with_roles,PRIVILEGES_SECURITY
opt_grant_as,PRIVILEGES_SECURITY
begin_stmt,TRANSACTION_CONTROL
1771_57,TRANSACTION_CONTROL
opt_work,TRANSACTION_CONTROL
opt_chain,TRANSACTION_CONTROL
opt_release,TRANSACTION_CONTROL
opt_savepoint,TRANSACTION_CONTROL
commit,TRANSACTION_CONTROL
rollback,TRANSACTION_CONTROL
savepoint,TRANSACTION_CONTROL
release,TRANSACTION_CONTROL
union_option,DML_SELECT
row_subquery,DML_SELECT
table_subquery,DML_SELECT
subquery,DML_SELECT
query_spec_option,DML_SELECT
init_lex_create_info,DDL_CREATE
view_or_trigger_or_sp_or_event,DDL_CREATE
definer_tail,PRIVILEGES_SECURITY
no_definer_tail,PRIVILEGES_SECURITY
definer_opt,PRIVILEGES_SECURITY
no_definer,PRIVILEGES_SECURITY
definer,PRIVILEGES_SECURITY
view_replace_or_algorithm,DDL_ALTER
view_replace,DDL_ALTER
view_algorithm,DDL_CREATE
view_suid,DDL_CREATE
view_tail,DDL_CREATE
1797_58,DDL_CREATE
view_query_block,DML_SELECT
view_check_option,DDL_CREATE
trigger_action_order,DDL_CREATE
trigger_follows_precedes_clause,DDL_CREATE
trigger_tail,DDL_CREATE
1803_59,DDL_CREATE
udf_tail,DML_SELECT
sf_tail,DML_SELECT
1806_60,DML_SELECT
1807_61,DML_SELECT
1808_62,DML_SELECT
1809_63,DML_SELECT
routine_string,PROCEDURAL_LOGIC
stored_routine_body,PROCEDURAL_LOGIC
sp_tail,PROCEDURAL_LOGIC
1813_64,PROCEDURAL_LOGIC
1814_65,PROCEDURAL_LOGIC
1815_66,PROCEDURAL_LOGIC
1816_67,PROCEDURAL_LOGIC
xa,TRANSACTION_CONTROL
opt_convert_xid,TRANSACTION_CONTROL
xid,TRANSACTION_CONTROL
begin_or_start,TRANSACTION_CONTROL
opt_join_or_resume,TRANSACTION_CONTROL
opt_one_phase,TRANSACTION_CONTROL
opt_suspend,TRANSACTION_CONTROL
install_option_type,SERVER_ADMIN
install_set_rvalue,SERVER_ADMIN
install_set_value,SERVER_ADMIN
install_set_value_list,SERVER_ADMIN
opt_install_set_value_list,SERVER_ADMIN
install_stmt,SERVER_ADMIN
uninstall,SERVER_ADMIN
TEXT_STRING_sys_list,EXPRESSION_LOGIC
import_stmt,SERVER_ADMIN
clone_stmt,SERVER_ADMIN
opt_datadir_ssl,SERVER_ADMIN
opt_ssl,SERVER_ADMIN
resource_group_types,SERVER_ADMIN
opt_resource_group_vcpu_list,SERVER_ADMIN
vcpu_range_spec_list,SERVER_ADMIN
vcpu_num_or_range,SERVER_ADMIN
signed_num,EXPRESSION_LOGIC
opt_resource_group_priority,SERVER_ADMIN
opt_resource_group_enable_disable,SERVER_ADMIN
opt_force,SERVER_ADMIN
ignore_server_id,REPLICATION_MANAGEMENT
sp_proc_stmt_fetch,PROCEDURAL_LOGIC
1058_35,PROCEDURAL_LOGIC
with_validation,DDL_ALTER
label_keyword,PRIVILEGES_SECURITY
json_attribute,EXPRESSION_LOGIC
